model,batch-size,lr,dropout,accuracy,precision,recall,specificity,SPJ,EDPinv,FPJ
vit-b-16,64,0.03,0.0,0.8766499999999999,0.8772277105418533,0.8770477907279857,0.9987540394503694,1.1556900710510072,1.184e-09,415634.4238799001
vit-b-16,72,0.03,0.0,0.8754,0.8753719439365057,0.874988365484282,0.9987414131143266,1.1496493914006718,1.175e-09,413461.94315240986
vit-b-16,96,0.03,0.0,0.8774,0.8774846962686937,0.8769384692980128,0.9987616151502658,1.1597920071026515,1.197e-09,417109.6514260422
vit-b-16,128,0.01,0.0,0.8646,0.8643780301327173,0.863532029726553,0.9986323221887464,1.1758211997566483,1.229e-09,422874.4186598258
vit-b-16,128,0.02,0.0,0.8702000000000001,0.8701673918854301,0.8696819998994334,0.9986888878173161,1.1773656539112296,1.231e-09,423429.8688872077
vit-b-16,128,0.03,0.0,0.8718294117647059,0.8720347665308145,0.8717844172510776,0.9987053465884065,1.1830177572912675,1.240e-09,425462.6013566796
vit-b-16,128,0.03,0.05,0.8790333333333334,0.8787409090882426,0.8784526902412532,0.9987781134397,1.116474392491815,1.113e-09,401530.82779190544
vit-b-16,128,0.03,0.1,0.8756666666666666,0.875643425874876,0.8749215922086657,0.9987441066763948,1.1168590486075727,1.115e-09,401669.16619860247
vit-b-16,128,0.04,0.0,0.8768,0.8766329298730202,0.8763133766162159,0.9987555545414618,1.1721705686767538,1.220e-09,421561.49923298485
vit-b-32,64,0.01,0.0,0.8528222222222221,0.8528308621090167,0.8525594706901085,0.998513354599775,3.1225819723602366,7.000e-09,286168.2379662969
vit-b-32,64,0.03,0.0,0.8583052631578948,0.8583339524785526,0.8584227462090024,0.9985687389173528,3.1221687479183005,6.996e-09,286130.36811644817
vit-b-32,96,0.03,0.0,0.8579133333333334,0.8577420532932029,0.8577659469145454,0.9985647799900899,3.1659042121236087,7.218e-09,290138.49371220666
vit-b-32,128,0.01,0.0,0.8504999999999999,0.8507277180454051,0.8502775135350651,0.9984898977898917,3.2278724830771797,7.377e-09,295817.5602877424
vit-b-32,128,0.02,0.0,0.8563818181818181,0.8564551483266094,0.8565043515226698,0.9985493101338379,3.2099207667263543,7.291e-09,294172.3797666035
vit-b-32,128,0.03,0.0,0.8570454545454546,0.8570211534214301,0.8571348939460662,0.9985560135374787,3.2240442745182913,7.352e-09,295466.7250790716
vit-b-32,128,0.03,0.0,0.858201282051282,0.8581869293522156,0.8582449828108948,0.9985676883326966,3.176374547646287,7.280e-09,292324.90513419424
vit-b-32,128,0.03,0.01,0.8622285714285713,0.8620002796132137,0.8621357691791608,0.9986083683216955,3.0800806987119675,6.856e-09,282273.2194531222
vit-b-32,128,0.03,0.025,0.864388888888889,0.8644215292848975,0.8644769265316341,0.998630189747652,3.0703364930197137,6.799e-09,281380.2141779954
vit-b-32,128,0.03,0.05,0.8648166666666667,0.8648072233444938,0.8647251103471173,0.9986345107026545,3.0763523325419317,6.817e-09,281931.5342750175
vit-b-32,128,0.03,0.075,0.8622875,0.8623830481514956,0.8619181040679297,0.9986089635295173,3.0701514650294888,6.796e-09,281363.2573344583
vit-b-32,128,0.03,0.1,0.8580818181818182,0.8586127055490015,0.858110838085782,0.998566481875124,3.079064480961605,6.853e-09,282180.08843347704
vit-b-32,128,0.04,0.0,0.8591454545454545,0.8590940989386986,0.8591889651852701,0.9985772256755858,3.2296725613093242,7.381e-09,295982.5280037075
vit-b-32,128,0.04,0.0,0.8577909090909092,0.8576667866901662,0.857921369375847,0.9985635433873327,3.2327800276134924,7.394e-09,296267.3109700715
vit-b-32,156,0.03,0.0,0.8582133333333334,0.8581118551704275,0.8580816531633346,0.9985678102968113,3.2013612368616546,7.312e-09,293387.9438091546
vit-b-32,256,0.01,0.0,0.8458777777777777,0.8459443957912334,0.8456364913758849,0.9984432086393862,3.2143948896875107,7.455e-09,294582.4096378997
vit-b-32,256,0.03,0.0,0.8576388888888888,0.857798546896103,0.8575832292925462,0.9985620078569677,3.2036230504340413,7.385e-09,293595.227144019
vit-l-32,64,0.03,0.0,0.8702000000000001,0.8697306773558549,0.8698984957993057,0.998688887819627,1.3282841823743246,1.517e-09,425682.01193072804
vit-l-32,72,0.03,0.0,0.869,0.8686288908766859,0.8685211824513919,0.9986767665979346,1.3257633028943152,1.512e-09,424874.1328163602
vit-l-32,96,0.03,0.0,0.8674999999999999,0.86681778416113,0.8669980010315202,0.9986616150700397,1.3519571980319844,1.571e-09,433268.6240935012
vit-l-32,128,0.02,0.0,0.861,0.8608030152566943,0.8605700476468932,0.9985959584491795,1.3636603591161691,1.607e-09,437019.19586298516
vit-l-32,128,0.03,0.0,0.8635999999999999,0.8630610496782818,0.8631517138530561,0.9986222210977386,1.3556364749509984,1.588e-09,434447.7407479934
vit-l-32,128,0.03,0.05,0.8781,0.8772629705357614,0.8773777944672917,0.9987686858232063,1.3155706028078178,1.503e-09,421607.6261927016
vit-l-32,128,0.03,0.1,0.8765666666666666,0.8758952055979116,0.8758362643130391,0.9987531975940027,1.3151566308206966,1.500e-09,421474.95847693784
vit-l-32,128,0.04,0.0,0.8674,0.8668559234924258,0.8667381596318107,0.9986606049682588,1.3665389295253112,1.614e-09,437941.7060151858
vit-s-16,64,0.01,0.0,0.9000444444444445,0.8998106685371883,0.8999578187623146,0.9989903471214987,2.940881502474436,6.463e-09,272544.3978336611
vit-s-16,64,0.03,0.0,0.8993166666666667,0.8994665126745143,0.8993532143071844,0.9989829958397279,2.944331197055113,6.477e-09,272864.09617288684
vit-s-16,128,0.01,0.0,0.8964888888888889,0.8963023366758244,0.8963453839179757,0.9989544323922013,2.951874679714647,6.427e-09,273563.18382306286
vit-s-16,128,0.02,0.0,0.902315,0.9021978083980737,0.9022804168620553,0.9990132820571596,2.927081183481533,6.311e-09,271265.46169608855
vit-s-16,128,0.03,0.0,0.90258,0.9026678768697165,0.9025290231242113,0.9990159588268577,2.9333100467398205,6.357e-09,271842.7177958294
vit-s-16,128,0.03,0.0,0.9022583333333333,0.9023269076450937,0.9022766727128091,0.9990127096659887,2.9365599259096062,6.364e-09,272143.898363838
vit-s-16,128,0.04,0.0,0.9009909090909091,0.9010776901864529,0.9009634682787016,0.9989999073940244,2.9355755780945545,6.364e-09,272052.67453102244
vit-s-16,128,0.04,0.0,0.901145,0.9011549208278602,0.9011464294928107,0.9990014638662273,2.9310196880667854,6.333e-09,271630.46020406974
vit-s-16,256,0.01,0.0,0.8956222222222223,0.8954352041842117,0.8954807536407962,0.9989456781762066,2.9574590165344787,6.475e-09,274080.7088286032
vit-s-16,256,0.03,0.0,0.9030722222222222,0.903120174283385,0.9031085735550205,0.9990209307748218,2.9603325928004227,6.485e-09,274347.01575473126
vit-s-32,64,0.01,0.0,0.8779588235294118,0.8778500742021356,0.8779358096954718,0.998767259877341,5.990588126067068,1.856e-08,142000.74518500248
vit-s-32,96,0.03,0.0,0.87926,0.8792592908539929,0.8792764331149673,0.9987804030598554,6.0768694244701775,1.942e-08,144045.95483903604
vit-s-32,128,0.01,0.0,0.875738888888889,0.8757409804460047,0.8757738653260361,0.9987448362839013,6.274132486093975,2.045e-08,148721.87332292693
vit-s-32,128,0.02,0.0,0.880085,0.880028446948474,0.8800945777421006,0.9987887364269719,6.210385421304312,2.011e-08,147210.81455657646
vit-s-32,128,0.03,0.0,0.8809250000000001,0.8808662585481628,0.8808971813835733,0.9987972212818723,6.208069888653296,2.005e-08,147155.9272308206
vit-s-32,128,0.03,0.0,0.8799037037037037,0.8799609116760727,0.8798025566359379,0.9987869051412159,6.2077456791806975,2.010e-08,147148.2421779116
vit-s-32,128,0.03,0.05,0.88098,0.881004448579273,0.8810473561611497,0.9987977768112389,6.076009803879938,1.955e-08,144025.57841491513
vit-s-32,128,0.04,0.0,0.8791727272727272,0.8790984015222064,0.8792167467421103,0.9987795215470876,6.219607828859065,2.023e-08,147429.42226547172
vit-s-32,128,0.04,0.0,0.8774,0.8774926612716513,0.8773718313825615,0.9987616151933627,6.214928080217052,2.014e-08,147318.49362533493
vit-s-32,156,0.03,0.0,0.8813533333333333,0.8812795309449135,0.8813699737912546,0.9988015478574432,6.17211595054365,2.013e-08,146303.67601667196
vit-s-32,256,0.01,0.0,0.8739944444444444,0.8739347794177873,0.874041860335412,0.9987272156196787,5.590855330814,1.859e-08,132525.48939937644
vit-s-32,256,0.03,0.0,0.881588888888889,0.8815587731173234,0.8815237879695375,0.9988039272196816,5.591754138088199,1.854e-08,132546.79470363507
vit-ti-16,64,0.01,0.0,0.8580388888888888,0.8578684430944109,0.8582962678998286,0.9985660482654709,5.414953188066856,1.592e-08,132940.1913515734
vit-ti-16,64,0.03,0.0,0.8623666666666667,0.8619585253746265,0.862392340163852,0.9986097632075389,5.358648867835993,1.560e-08,131557.88815421495
vit-ti-16,128,0.01,0.0,0.8534666666666666,0.8532135346636888,0.8536354210727115,0.9985198641665805,5.195428904873353,1.570e-08,127550.74490568826
vit-ti-16,128,0.02,0.0,0.8615454545454546,0.8610811577443042,0.8616051308289836,0.9986014681166768,5.277417714744096,1.580e-08,129563.61698312823
vit-ti-16,128,0.03,0.0,0.8635636363636364,0.8630887921555089,0.863596109602602,0.9986218538096181,5.259808498087956,1.574e-08,129131.30066375961
vit-ti-16,128,0.03,0.0,0.8636666666666666,0.8631351123839365,0.8636653327588806,0.9986228945295635,5.311716268522165,1.564e-08,130405.66605427941
vit-ti-16,128,0.04,0.0,0.8635454545454546,0.8633203381727648,0.8636726657515457,0.998621670154747,5.296843453559861,1.579e-08,130040.5299582957
vit-ti-16,128,0.04,0.0,0.8627909090909092,0.8625421744632473,0.8628975951851995,0.9986140484780573,5.32032653355988,1.581e-08,130617.0529752641
vit-ti-16,256,0.01,0.0,0.84985,0.8499348052874423,0.8499479381001723,0.9984833321515656,4.792847049089917,1.438e-08,117667.13057261071
vit-ti-16,256,0.03,0.0,0.8636666666666666,0.8630953508306806,0.8636257760097827,0.9986228945308961,4.7305811985427075,1.402e-08,116138.46840344254
